prospect_quality,name,phone,website,has_website,location,work,url
WARM,Voicentrix ai Software Company,(347) 669-9643,https://voicentrixai.com/,Yes,"5 following
Message
Follow
Search
More
Posts
About
Mentions
Reviews
Reels
Photos
More
Intro
Pa",,https://www.facebook.com/profile.php?id=61585169054755
WARM,B Kool HVAC,931-414-8568,https://staycoolwithbkool.com/,Yes,"routine tune-ups to full system replacements, we keep your home comfortable year-round.",,https://www.facebook.com/profile.php?id=61586048759742
WARM,Mainline Heating & Air Conditioning Inc.,(205) 664-4751,http://mainlineheating.com/,Yes,"101 following
Book now
Message
Follow
More
Posts
About
Mentions
Reviews
Reels
Photos
More
Intro
Stat",,https://www.facebook.com/profile.php?id=100063611619144
WARM,Mechanical Contractors of Memphis,(901) 754-2263,http://www.mcamemphis.com/,Yes,"massive build-outs to precision upgrades, MCAM’s top-tier contractors in the Greater Memphis area ha",,https://www.facebook.com/profile.php?id=100085553887114
WARM,B Kool Hvac-r,931-414-8568,https://brand.site/3d386f2e-5233-4313-8b40-9dcba8e0f036,Yes,"routine tune-ups to full system replacements, we keep your home comfortable year-round. 931-414-8568",,https://www.facebook.com/profile.php?id=61578309535944
WARM,Jones Mechanical HVAC Services,(817) 298-1244,https://www.amazon.com/gp/product/B0FXMT74WC/ref=cx_skuctr_share,Yes,"11 following
Follow
Message
Search
More
Posts
About
Mentions
Reviews
Reels
Photos
More
Intro
Residen",,https://www.facebook.com/profile.php?id=100045180566101
LOW,CS Services,,http://airheatelectric.com/,Yes,"2 following
Contact us
Message
Follow
More
Posts
About
Mentions
Reviews
Reels
Photos
More
In",,https://www.facebook.com/profile.php?id=61584063910922
LOW,Harvest Link Group,,http://www.harvestlinkgroup.com/,Yes,"2
Harvest Lin",,https://www.facebook.com/profile.php?id=61582470219158
LOW,HVAC SEO & Marketing Experts USA,,https://hvacseoagency.com/,Yes,"191 following
Message
Follow
Search
More
Posts
About
Mentions
Reviews
Followers
Photos
More
In",,https://www.facebook.com/profile.php?id=61579546103527
LOW,Home Service Freedom,,https://homeservicefreedom.com/,Yes,last year’s Freedom Event revealed why most home service businesses plateau - they prioritize immedi,,https://www.facebook.com/profile.php?id=100091869947504
